<xml xmlns:o="urn:schemas-microsoft-com:office:office">
 <o:File HRef="master53.htm"/>
 <o:File HRef="master53.xml"/>
 <o:File HRef="preview.wmf"/>
 <o:File HRef="master70.htm"/>
 <o:File HRef="master70.xml"/>
 <o:File HRef="master71.htm"/>
 <o:File HRef="master71.xml"/>
 <o:File HRef="master72.htm"/>
 <o:File HRef="master72.xml"/>
 <o:File HRef="pres.xml"/>
 <o:File HRef="slide0002.htm"/>
 <o:File HRef="master53_image001.gif"/>
 <o:File HRef="slide0002_image002.png"/>
 <o:File HRef="slide0002_image003.gif"/>
 <o:File HRef="slide0002_image004.png"/>
 <o:File HRef="slide0002_image005.gif"/>
 <o:File HRef="slide0002_image006.png"/>
 <o:File HRef="slide0002_image007.gif"/>
 <o:File HRef="slide0002_image008.png"/>
 <o:File HRef="slide0002_image009.gif"/>
 <o:File HRef="slide0002_image010.png"/>
 <o:File HRef="slide0002_image011.gif"/>
 <o:File HRef="slide0002_image012.png"/>
 <o:File HRef="slide0002_image013.gif"/>
 <o:File HRef="slide0002_image014.png"/>
 <o:File HRef="slide0002_image015.gif"/>
 <o:File HRef="slide0002_image016.png"/>
 <o:File HRef="slide0002_image017.gif"/>
 <o:File HRef="slide0002_image018.png"/>
 <o:File HRef="slide0002_image019.gif"/>
 <o:File HRef="slide0002_image020.png"/>
 <o:File HRef="slide0002_image021.gif"/>
 <o:File HRef="slide0002_image022.png"/>
 <o:File HRef="slide0002_image023.gif"/>
 <o:File HRef="slide0002_image024.png"/>
 <o:File HRef="slide0002_image025.gif"/>
 <o:File HRef="slide0002_image026.png"/>
 <o:File HRef="slide0002_image027.gif"/>
 <o:File HRef="slide0002_image028.png"/>
 <o:File HRef="slide0002_image029.gif"/>
 <o:File HRef="slide0002_image030.png"/>
 <o:File HRef="slide0002_image031.gif"/>
 <o:File HRef="slide0002_image032.png"/>
 <o:File HRef="slide0002_image033.gif"/>
 <o:File HRef="slide0002_image034.png"/>
 <o:File HRef="slide0002_image035.gif"/>
 <o:File HRef="master53_stylesheet.css"/>
 <o:File HRef="master70_stylesheet.css"/>
 <o:File HRef="master71_stylesheet.css"/>
 <o:File HRef="master72_stylesheet.css"/>
 <o:MainFile HRef="../簡報.htm"/>
 <o:File HRef="filelist.xml"/>
</xml>